133,Usneseni-vlady-CR-ze-dne-16-10-2020-c-1049-o-prijeti-krizoveho-opatreni-s-ucinnosti-od-19-10-pracovne-lekarske-sluzby,2020-10-19 00:00:00,1,https://koronavirus.mzcr.cz/wp-content/uploads/2020/10/Usneseni-vlady-CR-ze-dne-16-10-2020-c-1049-o-prijeti-krizoveho-opatreni-s-ucinnosti-od-19-10-pracovne-lekarske-sluzby.pdf,Usneseni-vlady-CR-ze-dne-16-10-2020-c-1049-o-prijeti-krizoveho-opatreni-s-ucinnosti-od-19-10-pracovne-lekarske-sluzby,nep,NULL,NULL,0,usnesení vlády č. 1049,NULL,NULL
134,Příloha-k-Usnesení-vlády-ČR_č_1049_PLS_Čestné-prohlášení-2020-10-17-08_02_28,NULL,1,https://koronavirus.mzcr.cz/wp-content/uploads/2020/10/P%C5%99%C3%ADloha-k-Usnesen%C3%AD-vla%CC%81dy-C%CC%8CR_c%CC%8C_1049_PLS_C%CC%8Cestne%CC%81-prohla%CC%81s%CC%8Ceni%CC%81-2020-10-17-08_02_28.pdf,Příloha-k-Usnesení-vlády-ČR_č_1049_PLS_Čestné-prohlášení-2020-10-17-08_02_28,NULL,NULL,NULL,0,NULL,NULL,NULL
135,Usneseni-vlady-CR-ze-dne-21-10-2020-c-1078-o-prijeti-krizoveho-opatreni-s-ucinnosti-od-22-10-2020-o-zakazu-volneho-pohybu-osob,2020-10-22 06:00:00,1,https://koronavirus.mzcr.cz/wp-content/uploads/2020/10/Usneseni-vlady-CR-ze-dne-21-10-2020-c-1078-o-prijeti-krizoveho-opatreni-s-ucinnosti-od-22-10-2020-o-zakazu-volneho-pohybu-osob.pdf,Usnesení vlády - zákaz volného pobytu osob od 21.10,cr,2020-10-27 23:59:00,NULL,1000,usnesení vlády č. 1078,NULL,NULL
136,Usneseni-vlady-CR-ze-dne-21-10-2020-c-1079-o-prijeti-krizoveho-opatreni-s-ucinnosti-od-22-10-2020-o-zakazu-maloobchodniho-prodeje-a-sluzeb,2020-10-22 06:00:00,1,https://koronavirus.mzcr.cz/wp-content/uploads/2020/10/Usneseni-vlady-CR-ze-dne-21-10-2020-c-1079-o-prijeti-krizoveho-opatreni-s-ucinnosti-od-22-10-2020-o-zakazu-maloobchodniho-prodeje-a-sluzeb.pdf,Usnesení vlády - zákaz maloobchodního projede s výjimkami od 21.10,cr,2020-10-28 00:00:00,NULL,1000,usnesení vlády č. 1079,NULL,NULL
137,Usneseni-vlady-CR-ze-dne-21-10-2020-c-1080-o-prijeti-krizoveho-opatreni-s-ucinnosti-od-22-10-2020-o-omezeni-cinnosti-organu-verejne-moci-a-statnich-organu,2020-10-22 06:00:00,1,https://koronavirus.mzcr.cz/wp-content/uploads/2020/10/Usneseni-vlady-CR-ze-dne-21-10-2020-c-1080-o-prijeti-krizoveho-opatreni-s-ucinnosti-od-22-10-2020-o-omezeni-cinnosti-organu-verejne-moci-a-statnich-organu.pdf,Usnesení vlády - omezení činnosti orgánů veřejné moci a státních orgánů od 22.10,nep,2020-11-03 23:59:00,NULL,0,usnesení vlády č. 1080,NULL,NULL
42,Mimořádné opatření nařízení poskytovatelům akutní lůžkové péče,2020-03-25 00:00:00,1,https://koronavirus.mzcr.cz/wp-content/uploads/2020/03/Mimo%C5%99%C3%A1dn%C3%A9-opat%C5%99en%C3%AD-na%C5%99%C3%ADzen%C3%AD-poskytovatel%C5%AFm-akutn%C3%AD-l%C5%AF%C5%BEkov%C3%A9-p%C3%A9%C4%8De.pdf,Mimořádné opatření nařízení poskytovatelům akutní lůžkové péče,nep,NULL,NULL,0,MZDR 13311/2020-1/MIN/KAN,NULL,NULL
139,Usneseni-vlady-CR-ze-dne-22-10-2020-c-1084-o-prijeti-krizoveho-opatreni-s-ucinnosti-od-23-10-2020-o-zakazu-maloobchodniho-prodeje-a-sluzeb,2020-10-23 00:00:00,1,https://koronavirus.mzcr.cz/wp-content/uploads/2020/10/Usneseni-vlady-CR-ze-dne-22-10-2020-c-1084-o-prijeti-krizoveho-opatreni-s-ucinnosti-od-23-10-2020-o-zakazu-maloobchodniho-prodeje-a-sluzeb.pdf,Usneseni-vlady-CR-ze-dne-22-10-2020-c-1084-o-prijeti-krizoveho-opatreni-s-ucinnosti-od-23-10-2020-o-zakazu-maloobchodniho-prodeje-a-sluzeb,nep,NULL,NULL,0,usnesení vlády č. 1084,NULL,NULL
47,Mimořádné opatření – nařízení laboratořím ke sdělování výsledků vyšetření s účinností od 17. 9. 2020,2020-09-17 00:00:00,1,https://koronavirus.mzcr.cz/wp-content/uploads/2020/09/Mimoradne-opatreni-narizeni-laboratorim-ke-sdelovani-vysledku-vysetreni.pdf,Nařízení sdělování výsledků RT-PCR testů elektronicky,cr,NULL,NULL,0,MZDR 39255/2020-1/MIN/KAN,NULL,NULL
50,"Mimořádné opatření – zákaz a omezení hromadných akcí, s účinností od 18. 9. 2020 od 18 hodin do odvolání",2020-09-18 18:00:00,1,https://koronavirus.mzcr.cz/wp-content/uploads/2020/09/Mimoradne-opatreni-zakaz-a-omezeni-hromadnych-akci-s-ucinnosti-od-18-9-2020-od-18-hodin-do-odvolani.pdf,Mimořádné opatření - Zákaz a omezení hromadných akcí,cr,2020-09-24 00:00:00,NULL,10,MZDR 20588/2020-16/MIN/KAN,NULL,NULL
52,Mimořádné opatření - zákat pobytu bez ochranných prostředků dýchacích cest ve vnitřních prostorech,2020-09-18 00:00:00,0,https://koronavirus.mzcr.cz/wp-content/uploads/2020/09/Mimoradne-opatreni-noseni-ochrannych-prostredku-dychacich-cest-s-vyjimkami-s-ucinnosti-od-18-9-2020-do-odvolani.pdf,Mimořádné opatření – Roušky ve vnitřních prostorech,cr,2020-10-14 00:00:00,NULL,100,MZDR 15757/2020-35/MIN/KAN,NULL,NULL
53,Rozhodnutí o mimořádném opatření Krajské hygienické stanice Plzeňského kraje se sídlem v Plzni k uzavření 16 základní a mateřské školy Plzeň,2020-09-21 00:00:00,1,https://koronavirus.mzcr.cz/wp-content/uploads/2020/09/Rozhodnuti-o-mimoradnem-opatreni-Krajske-hygienicke-stanice-Plzenskeho-kraje-se-sidlem-v-Plzni-k-uzavreni-16-zakladni-a-materske-skoly-Plzen.pdf,Uzavření 16. základní a mateřské školy Plzeň,nuts,NULL,NULL,100,KHSPL 24832/23/2020,NULL,NULL
61,Rozhodnutí Krajské hygienické stanice Kraje Vysočina k nařízení Domovu pro seniory Třebíč s účinností od 18. 9. 2020 od 8 hodin,2020-09-18 08:00:00,1,https://koronavirus.mzcr.cz/wp-content/uploads/2020/09/Rozhodnuti-Krajske-hygienicke-stanice-se-sidlem-v-Jihlave-k-narizeni-Domovu-pro-seniory-Trebic.pdf,Rozhodnutí KHS Kraje Vysočina,nep,NULL,NULL,0,KHSV/21072/2020/JI/Ř/Říha,NULL,NULL
62,Nařízení Krajské hygienické stanice Středočeského kraje se sídlem v Praze č. 5/2020 s účinností od 21. 9. 2020,2020-09-21 00:00:00,0,https://koronavirus.mzcr.cz/wp-content/uploads/2020/09/Narizeni-Krajske-hygienicke-stanice-Stredoceskeho-kraje-se-sidlem-v-Praze-c-5-2020.pdf,Nařízení KHS Středočeského kraje č. 5/2020  od 21. 9. 2020,kraj,2020-09-21 00:00:00,NULL,10,KHSSC 48076/2020,NULL,NULL
77,"Mimořádné opatření – izolace a karanténa, s účinností od 25. 9. 2020 do odvolání",2020-09-25 00:00:00,0,https://koronavirus.mzcr.cz/wp-content/uploads/2020/09/Mimo%C5%99%C3%A1dn%C3%A9-opat%C5%99en%C3%AD-%E2%80%93-izolace-a-karant%C3%A9na-s-%C3%BA%C4%8Dinnost%C3%AD-od-25.-9.-2020-do-odvol%C3%A1n%C3%AD.pdf,"Mimořádné opatření - izolace, karanténa",cr,NULL,NULL,100,MZDR 15757/2020-32/MIN/KAN,NULL,NULL
78,Nařízení Krajské hygienické stanice Karlovarského kraje se sídlem v Karlových Varech č. 3/2020,2020-09-23 00:00:00,0,https://koronavirus.mzcr.cz/wp-content/uploads/2020/09/Narizeni-Krajske-hygienicke-stanice-Karlovarskeho-kraje-se-sidlem-v-Karlovych-Varech-c-3-2020.pdf,Nařízení KHS Karlovarského kraje č. 3 (zrušení prez. výuky VŠ),okres,2020-10-05 00:00:00,NULL,10,KHSKV 11278/2020/SPR-S10,0,NULL
79,Nařízení Hygienické stanice hlavního města Prahy č. 13/2020 k zákazu pohybu a pobytu bez ochranných prostředků dýchacích cest s účinností od 24. 9. 2020 od 18 hodin do odvolání ,2020-09-24 18:00:00,1,https://koronavirus.mzcr.cz/wp-content/uploads/2020/09/Narizeni-Hygienicke-stanice-hlavniho-mesta-Prahy-c-13-2020.pdf,Nařízení KHS hlavního města Prahy č.13 (roušky vnitřní prostory) od 24. 9. 2020 18h,kraj,NULL,NULL,10,HSHMP 61198/2020,NULL,NULL
10,"Nařízení Krajské hygienické stanice Libereckého kraje se sídlem v Liberci č. 1/2020, s účinností od 24. 7. 2020 od 7 hodin",2020-07-24 00:07:00,1,https://koronavirus.mzcr.cz/wp-content/uploads/2020/07/Narizeni_KHS_Liberec_1-2020.pdf,Nařízení hygienické stanice KHS Liberec,kraj,NULL,NULL,0,KHSLB 15311/2020,NULL,NULL
21, Mimořádné opatření – nařízení Vězeňské službě ČR s účinností od 31. 8. 2020 ,2020-08-31 23:59:00,1,https://koronavirus.mzcr.cz/wp-content/uploads/2020/08/Mimoradne-opatreni-narizeni-Vezenske-sluzbe-CR-s-ucinnosti-od-31-8-2020.pdf,Mimořádné opatření Vězeňské službě ČR,nep,NULL,NULL,0,NULL,NULL,NULL
22,Mimořádné opatření – omezení provozu zdravotnických zařízení lůžkové péče a zařízení sociálních služeb s účinností od 1. 9. 2020 do odvolání,2020-09-01 00:00:00,0,https://koronavirus.mzcr.cz/wp-content/uploads/2020/08/Mimoradne-opatreni-omezeni-provozu-zdravotnickych-zarizeni-luzkove-pece-a-zarizeni-socialnich-sluzeb-s-ucinnosti-od-1-9-2020-do-odvolani.pdf,Omezení provozu zdravotnických zařízení,cr,NULL,NULL,10,MZDR 16214/2020-6/MIN/KAN,NULL,NULL
23,Mimořádné opatření – nařízení a sjednocení spolupráce v rámci Centrálního řídícího týmu COVID-19,2020-07-04 00:00:00,1,https://koronavirus.mzcr.cz/wp-content/uploads/2020/07/Mimo%C5%99%C3%A1dn%C3%A9-opat%C5%99en%C3%AD-%E2%80%93-na%C5%99%C3%ADzen%C3%AD-a-sjednocen%C3%AD-spolupr%C3%A1ce-v-r%C3%A1mci-Centr%C3%A1ln%C3%ADho-%C5%99%C3%ADd%C3%ADc%C3%ADho-t%C3%BDmu-COVID-19.pdf,Nařízení a sjednocení spolupráce v rámci Centrálního řídícího týmu COVID-19,nep,NULL,NULL,0,NULL,NULL,NULL
24,Mimořádné opatření – omezení provozoven a provozů služeb s účinností od 1. 7. 2020 do odvolání,2020-07-01 00:00:00,1,https://koronavirus.mzcr.cz/wp-content/uploads/2020/06/Mimo%C5%99%C3%A1dn%C3%A9-opat%C5%99en%C3%AD-%E2%80%93-omezen%C3%AD-provozoven-a-provoz%C5%AF-slu%C5%BEeb-s-%C3%BA%C4%8Dinnost%C3%AD-od-1.-7.-2020-do-odvol%C3%A1n%C3%AD.pdf,"Omezení provozoven a provozů služeb 
",nep,NULL,NULL,0,NULL,NULL,NULL
25,Mimořádné opatření – elektronické žádanky v prostředí NZIS s účinností od 26. 5. 2020,2020-05-26 00:00:00,1,https://koronavirus.mzcr.cz/wp-content/uploads/2020/05/Mimo%C5%99%C3%A1dn%C3%A9-opat%C5%99en%C3%AD-elektronick%C3%A9-%C5%BE%C3%A1danky-v-prost%C5%99ed%C3%AD-NZIS-s-%C3%BA%C4%8Dinnost%C3%AD-od-26.-5.-2020.pdf,Elektronické žádanky v prostředí NZIS,nep,NULL,NULL,0,NULL,NULL,NULL
26,Mimořádné opatření – pracovnělékařské služby,2020-05-13 00:00:00,1,https://koronavirus.mzcr.cz/wp-content/uploads/2020/05/Mimo%C5%99%C3%A1dn%C3%A9-opat%C5%99en%C3%AD-pracovn%C4%9Bl%C3%A9ka%C5%99sk%C3%A9-slu%C5%BEby.pdf,"Pracovnělékařské služby
",nep,NULL,NULL,0,NULL,NULL,NULL
27,Mimořádné opatření – nařízení k zajištění Rapid testů u poskytovatelů zdravotních služeb,2020-04-30 00:00:00,1,https://koronavirus.mzcr.cz/wp-content/uploads/2020/04/Mimo%C5%99%C3%A1dn%C3%A9-opat%C5%99en%C3%AD-na%C5%99%C3%ADzen%C3%AD-k-zaji%C5%A1t%C4%9Bn%C3%AD-Rapid-test%C5%AF-u-poskytovatel%C5%AF-zdravotn%C3%ADch-slu%C5%BEeb.pdf,"Nařízení k zajištění Rapid testů u poskytovatelů zdravotních služeb
",nep,NULL,NULL,0,NULL,NULL,NULL
28,Mimořádné opatření – vyčlenění kapacity lůžek v krajích a hl. m. Praze,2020-04-24 00:00:00,1,https://koronavirus.mzcr.cz/wp-content/uploads/2020/04/Mimo%C5%99%C3%A1dn%C3%A9-opat%C5%99en%C3%AD-vy%C4%8Dlen%C4%9Bn%C3%AD-kapacity-l%C5%AF%C5%BEek-v-kraj%C3%ADch-a-hl.-m.-Praze.pdf,"Vyčlenění kapacity lůžek v krajích a hl. m. Praze

",nep,NULL,NULL,0,NULL,NULL,NULL
29,Mimořádné opatření – realizace Studie kolektivní imunity,2020-04-21 00:00:00,1,https://koronavirus.mzcr.cz/wp-content/uploads/2020/04/Mimo%C5%99%C3%A1dn%C3%A9_opat%C5%99en%C3%AD_-_realizace_Studie_kolektivn%C3%AD_imunity.pdf,"Realizace Studie kolektivní imunity
",nep,NULL,NULL,0,NULL,NULL,NULL
30,Mimořádné opatření – Chytrá karanténa,2020-04-19 00:00:00,1,https://koronavirus.mzcr.cz/wp-content/uploads/2020/04/Mimo%C5%99%C3%A1dn%C3%A9-opat%C5%99en%C3%AD-Chytr%C3%A1-karant%C3%A9na.pdf,"Chytrá karanténa
",nep,NULL,NULL,0,NULL,NULL,NULL
32,Mimořádné opatření nařízení pro operátory veřejných mobilních komunikačních sítí a banky,2020-03-19 00:00:00,1,https://koronavirus.mzcr.cz/wp-content/uploads/2020/03/Mimo%C5%99%C3%A1dn%C3%A9-opat%C5%99en%C3%AD-na%C5%99%C3%ADzen%C3%AD-pro-oper%C3%A1tory-ve%C5%99ejn%C3%BDch-mobiln%C3%ADch-komunika%C4%8Dn%C3%ADch-s%C3%ADt%C3%AD-a-banky.pdf,Nařízení pro operátory veřejných mobilních komunikačních sítí a banky,nep,NULL,NULL,0,NULL,NULL,NULL
33,Mimořádné opatření – organizace a provádění karantény u poskytovatelů sociálních služeb s účinností od 2. 9. 2020,2020-09-02 00:00:00,1,https://koronavirus.mzcr.cz/wp-content/uploads/2020/09/Mimoradne-opatreni-organizace-a-provadeni-karanteny-u-poskytovatelu-socialnich-sluzeb-s-ucinnosti-od-2-9-2020.pdf,Organizace a provádění karantény u poskytovatelů sociálních služeb,nep,NULL,NULL,0,NULL,NULL,NULL
37,Mimořádné opatření – organizace a provádění karantény u zdravotnických pracovníků s účinností od 2. 9. 2020,2020-09-02 00:00:00,1,https://koronavirus.mzcr.cz/wp-content/uploads/2020/09/Mimoradne-opatreni-organizace-a-provadeni-karanteny-u-zdravotnickych-pracovniku-s-ucinnosti-od-2-9-2020.pdf,Organizace karantény zdravotních pracovníků,nep,NULL,NULL,0,NULL,NULL,NULL
40,Nařízení Krajské hygienické stanice Karlovarského kraje se sídlem v Karlových Varech č. 1/2020 pro Františkovy Lázně a Slatinu u Františkových Lázní s účinností od 10. 9. 2020,2020-09-10 07:00:00,1,https://koronavirus.mzcr.cz/wp-content/uploads/2020/09/Mimoradne-opatreni-KHS-karlovarskeho-kraje-c.-1-Frantiskovy-lazne.pdf,Nařízení KHS Karlovarského kraje č. 1/2020 ,obecmesto,NULL,NULL,0,KHSKV 10598/2020/RED-S10,NULL,NULL
41,Mimořádné opatření Krajské hygienické stanice Plzeňského kraje se sídlem v Plzni č. 3/2020 pro Novou Ves s účinností od 9. 9. 2020,2020-09-09 00:00:00,0,https://koronavirus.mzcr.cz/wp-content/uploads/2020/09/Mimoradne-opatreni-KHS-plzenskeho-kraje-c.-3-Nova-Ves.pdf,"Opatření KHS Plzeňského kraje č. 3/2020 pro Novou Ves Omezení kontaktu, nošení roušek všude mimo bydliště",obecmesto,NULL,NULL,100,KHSPL/23977/2020,0,NULL
51,Mimořádné opatření – omezení provozoven a provozů služeb s účinností od 19. 9. 2020 do odvolání,2020-09-19 00:00:00,1,https://koronavirus.mzcr.cz/wp-content/uploads/2020/09/Mimoradne-opatreni-omezeni-provozoven-a-provozu-sluzeb-s-ucinnosti-od-19-9-2020-do-odvolani.pdf,"Mimořádné opatření – služby, provozovny",nep,NULL,NULL,0,MZDR 20581/2020-10/MIN/KAN,0,NULL
58,Nařízení mimořádného opatření Krajské hygienické stanice Zlínského kraje se sídlem ve Zlíně č. 6 s účinností od,2020-09-21 00:00:00,1,https://koronavirus.mzcr.cz/wp-content/uploads/2020/09/Narizeni-mimoradneho-opatreni-Krajske-hygienicke-stanice-Zlinskeho-kraje-se-sidlem-ve-Zline-c-6-2020.pdf,Mimořádné opatření KHS Zlín č. 6,kraj,NULL,NULL,10,KHSZL 24152/2020,NULL,NULL
75,Nařízení mimořádného opatření Krajské hygienické stanice Jihomoravského kraje se sídlem v Brně č. 1/2020 s účinností od 23. 9. 2020,2020-09-23 00:00:00,1,https://koronavirus.mzcr.cz/wp-content/uploads/2020/09/Narizeni-KHS-Jihomoravskeho-kraje-c.-1-2020.pdf,Nařízení mimořádného opatření KHS Jihomoravského kraje č. 1/2020 od 23. 9. 2020 (roušky venkovní akce nad 100 lidí),okres,NULL,NULL,10,KHSJM 54018/2020/BM/PRAV,NULL,NULL
76,Nařízení mimořádného opatření Krajské hygienické stanice Jihomoravského kraje se sídlem v Brně č. 2/2020 s účinností od 23. 9. 2020,2020-09-23 00:00:00,0,https://koronavirus.mzcr.cz/wp-content/uploads/2020/09/Narizeni-KHS-Jihomoravskeho-kraje-c.-2-2020.pdf,Nařízení mimořádného opatření KHS Jihomoravského kraje  č. 2/2020 od 23. 9. 2020  (zrušení prezenční výuky na VŠ),okres,2020-10-05 00:00:00,NULL,10,KHSJM 54058/2020/BM/PRAV,0,NULL
83,Usnesení vlády ČR ze dne 30. 9. 2020 k přijetí krizového opatření s účinností od 5. do 18. října 2020,2020-10-05 00:00:00,1,https://koronavirus.mzcr.cz/wp-content/uploads/2020/09/Usneseni-vlady-CR-ze-dne-30-9-2020-k-prijeti-krizoveho-opatreni-s-ucinnosti-od-5-do-18-rijna-2020.pdf,Přijetí krizového opatření od 5. do 18. října 2020,cr,2020-10-11 00:00:00,NULL,100,usnesení vlády č. 958,NULL,NULL
82,Usnesení vlády ČR ze dne 30. 9. 2020 k vyhlášení nouzového stavu na území ČR od 5. 10. 2020 na dobu 30 dnů,2020-10-05 00:00:00,1,https://koronavirus.mzcr.cz/wp-content/uploads/2020/09/Usneseni-vlady-CR-ze-dne-30-9-2020-k-vyhlaseni-nouzoveho-stavu-na-uzemi-CR-od-5-10-2020-na-dobu-30-dnu.pdf,Vyhlášení nouzového stavu ,cr,2020-11-04 23:59:00,NULL,100,usnesení vlády č. 957,NULL,NULL
143,Usnesení vlády č. 1102 ze dne 26. října o přijetí krizového opatření k omezení volného pohybu s účinností od 28. října 2020,2020-10-28 00:00:00,1,https://koronavirus.mzcr.cz/wp-content/uploads/2020/10/Usnesen%C3%AD-vl%C3%A1dy-%C4%8D.-1102-ze-dne-26.-%C5%99%C3%ADjna-o-p%C5%99ijet%C3%AD-krizov%C3%A9ho-opat%C5%99en%C3%AD-k-omezen%C3%AD-voln%C3%A9ho-pohybu-s-%C3%BA%C4%8Dinnost%C3%AD-od-28.-%C5%99%C3%ADjna-2020.pdf,Usnesení vlády č. 1102 ze dne 26. října o přijetí krizového opatření k omezení volného pohybu od 28. října 2020,cr,2020-11-03 23:59:00,NULL,1000,usnesení vlády č. 1102,NULL,NULL
144,Usnesení vlády č. 1103 ze dne 26. října o přijetí krizového opatření k omezení maloobchodu a služeb s účinností od 28. října 2020,2020-10-28 00:00:00,1,https://koronavirus.mzcr.cz/wp-content/uploads/2020/10/Usnesen%C3%AD-vl%C3%A1dy-%C4%8D.-1103-ze-dne-26.-%C5%99%C3%ADjna-o-p%C5%99ijet%C3%AD-krizov%C3%A9ho-opat%C5%99en%C3%AD-k-omezen%C3%AD-maloobchodu-a-slu%C5%BEeb-s-%C3%BA%C4%8Dinnost%C3%AD-od-28.-%C5%99%C3%ADjna-2020.pdf,Usnesení vlády č. 1103 ze dne 26. října o přijetí krizového opatření k omezení maloobchodu a služeb od 28. října 2020,cr,2020-11-03 23:59:00,NULL,1000,usnesení vlády č. 1103,NULL,NULL
44,Nařízení Krajské hygienické stanice Středočeského kraje se sídlem v Praze č. 4/2020,2020-09-14 00:00:00,1,https://koronavirus.mzcr.cz/wp-content/uploads/2020/09/Narizeni-Krajske-hygienicke-stanice-Stredoceskeho-kraje-se-sidlem-v-Praze-c-4-2020.pdf,Nařízení KHS Středočeského kraje č. 4/2020,kraj,2020-09-19 00:00:00,NULL,10,KHSSC 46879/2020,NULL,NULL
64,Nařízení mimořádného opatření Krajské hygienické stanice Zlínského kraje se sídlem ve Zlíně č. 8 s účinností od 23. 9 .2020,2020-09-23 00:00:00,0,https://koronavirus.mzcr.cz/wp-content/uploads/2020/09/Narizeni-KHS-Zlinskeho-kraje-c.-8-2020.pdf,Nařízení mimořádného opatření KHS Zlínského kraje č. 8 od 23. 9 .2020,okres,2020-10-05 00:00:00,NULL,10,KHSZL 24516/2020,0,NULL
65,Mimořádné opatření Krajské hygienické stanice Moravskoslezského kraje se sídlem v Ostravě č. 24/2020 s účinností 23. 9. 2020,2020-09-23 00:00:00,1,https://koronavirus.mzcr.cz/wp-content/uploads/2020/09/Narizeni-KHS-Moravskoslezskeho-kraje-c.-24-2020.pdf,Mimořádné opatření KHS Moravskoslezského kraje č. 24/2020 od 23. 9. 2020,nuts,2020-10-31 23:59:00,NULL,10,NULL,0,NULL
66,Nařízení Krajské hygienické stanice Pardubického kraje se sídlem v Pardubicích č. 1/2020 s účinností od 23. 9. 2020,2020-09-23 00:00:00,0,https://koronavirus.mzcr.cz/wp-content/uploads/2020/09/Narizeni-KHS-Pardubickeho-kraje-c.-1-2020.pdf,Nařízení KHS Pardubického kraje č. 1/2020 od 23. 9. 2020 (zrušení prezenční výuky na VŠ),okres,2020-10-05 00:00:00,NULL,10,KHSPA 20110/2020/OS-Pce,0,NULL
67,Nařízení Krajské hygienické stanice Středočeského kraje se sídlem v Praze č. 6/2020 s účinností od 23. 9. 2020,2020-09-23 00:00:00,0,https://koronavirus.mzcr.cz/wp-content/uploads/2020/09/Narizeni-KHS-Stredoceskeho-kraje-c.-6-2020.pdf,Nařízení KHS Středočeského kraje č. 6/2020 od 23. 9. 2020 (zrušení prezenční výuky na VŠ),kraj,2020-10-05 00:00:00,NULL,10,KHSSC 48359/2020,0,NULL
68,Nařízení Krajské hygienické stanice Středočeského kraje se sídlem v Praze č. 6/2020 s účinností od 23. 9. 2020,2020-09-23 00:00:00,0,https://koronavirus.mzcr.cz/wp-content/uploads/2020/09/Narizeni-KHS-Stredoceskeho-kraje-c.-6-2020.pdf,Nařízení KHS Středočeského kraje č. 6/2020 od 23. 9. 2020 (doporučení omezení návštěv sociální a zdrav. zařízení),kraj,2020-10-05 00:00:00,NULL,10,KHSSC 48359/2020,0,NULL
69,Mimořádné opatření Krajské hygienické stanice Moravskoslezského kraje se sídlem v Ostravě č. 25/2020 s účinností 23. 9. 2020,2020-09-23 00:00:00,1,https://koronavirus.mzcr.cz/wp-content/uploads/2020/09/Narizeni-KHS-Moravskoslezskeho-kraje-c.-25-2020.pdf,"Mimořádné opatření KHS Moravskoslezského kraje č.
 25/2020 od 23. 9. 2020 (roušky u venkovních akcí nad 100 lidí)",nuts,NULL,NULL,1,NULL,NULL,NULL
70,Nařízení Krajské hygienické stanice Pardubického kraje se sídlem v Pardubicích č. 2/2020 s účinností od 23. 9. 2020,2020-09-23 00:00:00,1,https://koronavirus.mzcr.cz/wp-content/uploads/2020/09/Narizeni-KHS-Pardubickeho-kraje-c.-2-2020.pdf,Nařízení KHS Pardubického kraje č. 2/2020 od 23. 9. 2020 (roušky venkovní akce nad 100 lidí),okres,NULL,NULL,1,KHSPA 20114/2020/OS-Pce,NULL,NULL
71,Mimořádné opatření Krajské hygienické stanice Plzeňského kraje se sídlem v Plzni č. 4/2020 s účinností od 23. 9. 2020,2020-09-23 00:00:00,1,https://koronavirus.mzcr.cz/wp-content/uploads/2020/09/Narizeni-KHS-Pardubickeho-kraje-c.-2-2020.pdf,Mimořádné opatření KHS Plzeňského kraje č. 4/2020 od 23. 9. 2020 (roušky venkovní akce nad 100 lidí),okres,NULL,NULL,1,KHSPL 25121/28/2020,NULL,NULL
72,Mimořádné opatření Krajské hygienické stanice Plzeňského kraje se sídlem v Plzni č. 5/2020 s účinností od 23. 9. 2020,2020-09-23 00:00:00,0,https://koronavirus.mzcr.cz/wp-content/uploads/2020/09/Narizeni-KHS-Plzenskeho-kraje-c.-5-2020.pdf,Mimořádné opatření KHS Plzeňského kraje č. 5/2020 od 23. 9. 2020 (zrušení prezenční výuky na VŠ),okres,2020-10-05 00:00:00,NULL,10,KHSPL 25161/28/2020,0,NULL
73,Mimořádné opatření – omezení provozoven a provozů služeb s účinností od 24. 9. 2020 do 7. 10. 2020,2020-09-24 00:00:00,0,https://koronavirus.mzcr.cz/wp-content/uploads/2020/09/Mimoradne-opatreni-omezen%C3%AD-stravovaci-a-ubytovaci-zarizeni-23.-9.-2020.pdf,Omezení restaurací a služeb,cr,2020-10-04 23:59:59,NULL,100,MZDR 20581/2020-11/MIN/KAN,NULL,NULL
74,"Mimořádné opatření – zákaz a omezení hromadných akcí, s účinností od 24. 9. 2020 do 7. 10. 2020",2020-09-24 00:00:00,0,https://koronavirus.mzcr.cz/wp-content/uploads/2020/09/Mimoradne-opatreni-omezeni-hromadnych-akci-23.-9.-2020.pdf,Omezení hromadných akcí,cr,2020-10-07 23:59:59,NULL,0,MZDR 20588/2020-17/MIN/KAN,NULL,NULL
80,Mimořádné opatření k hlášení poskytovatelů sociálních služeb do ISIN,2020-09-25 00:00:00,1,https://koronavirus.mzcr.cz/wp-content/uploads/2020/09/Mimo%C5%99%C3%A1dn%C3%A9-opat%C5%99en%C3%AD-k-hl%C3%A1%C5%A1en%C3%AD-n%C4%9Bkter%C3%BDch-poskytovatel%C5%AF-soci%C3%A1ln%C3%ADch-slu%C5%BEeb-do-ISIN.pdf,Mimořádné opatření k hlášení poskytovatelů sociálních služeb do ISIN,nep,NULL,NULL,0,MZDR 41136/2020-1/MlN/KAN,NULL,NULL
81,Nařízení Hygienické stanice hlavního města Prahy č. 14/2020 všem poskytovatelům zdravotních a sociálních služeb k zákazu návštěv pacientů s účinností od 25. 9. 2020 od 15 hodin do 18. 10. 2020 ,2020-09-25 15:00:00,0,https://koronavirus.mzcr.cz/wp-content/uploads/2020/09/Narizeni-Hygienicke-stanice-hlavniho-mesta-Prahy-c-14-2020.pdf,Nařízení KHS hlavního města Prahy č. 14/2020 (zákaz návštěv pacientů) 25. 9. 2020 15h do 18. 10. 2020,kraj,2020-10-12 15:00:00,NULL,10,HSHMP 61515/2020,NULL,NULL
145,Usnesení vlády č. 1085 ze dne 23. října o prodloužení krizového opatření č. 998 do 3. listopadu 2020,2020-10-23 00:00:00,1,https://koronavirus.mzcr.cz/wp-content/uploads/2020/10/Usnesen%C3%AD-vl%C3%A1dy-%C4%8D.-1085-ze-dne-23.-%C5%99%C3%ADjna-o-prodlou%C5%BEen%C3%AD-krizov%C3%A9ho-opat%C5%99en%C3%AD-%C4%8D.-998-do-3.-listopadu-2020.pdf,Usnesení vlády č. 1085 ze dne 23. října o prodloužení krizového opatření č. 998 do 3. listopadu 2020,nep,2020-10-23 23:59:00,NULL,0,usnesení vlády č. 1085,NULL,NULL
104,Nařízení mimořádného opatření Krajské hygienické stanice Zlínského kraje č. 10.2020 s účinností od 9. 10. 2020 ,2020-10-09 00:00:00,1,https://koronavirus.mzcr.cz/wp-content/uploads/2020/10/Narizeni-krajske-hygienicke-stanice-Zlinskeho-kraje-c.-10.2020.pdf,Nařízení mimořádného opatření KHS Zlínského kraje č. 10.2020 od 9. 10. 2020 ,okres,NULL,NULL,1,KHSZL 25503/2020,NULL,NULL
105,Nařízení Krajské hygienické stanice Libereckého kraje č. 3.2020 s účinností od 7. 10. 2020 ,2020-10-07 00:00:00,0,https://koronavirus.mzcr.cz/wp-content/uploads/2020/10/Narizeni-KHS-Libereckeho-kraje-c.-3-2020.pdf,Nařízení KHS Libereckého kraje č. 3.2020 od 7. 10. 2020 ,okres,2020-10-18 23:59:00,NULL,10,KHSLB 19867/2020,NULL,NULL
106,Nařízení Krajské hygienické stanice Plzeňského kraje č. 8.2020 pro okres Rokycany s účinností od 7. 10. 2020 ,2020-10-07 00:00:00,1,https://koronavirus.mzcr.cz/wp-content/uploads/2020/10/Narizeni-KHS-Plzenskeho-kraje-c.-8-2020.pdf,Nařízení KHS Plzeňského kraje č. 8.2020 pro okres Rokycany od 7. 10. 2020 ,okres,2020-10-11 23:59:00,NULL,10,KHSPL 26222/28/2020,NULL,NULL
148,Usnesení vlády č. 1113 ze dne 30. října o přijetí krizového opatření k omezení volného pohybu s účinností od 4. listopadu 2020,2020-11-04 00:00:00,1,https://www.vlada.cz/assets/media-centrum/aktualne/volny-pohyb-1113.pdf,Usnesení vlády č. 1113 - omezení volného pohybu s účinností od 4. listopadu 2020,cr,2020-11-20 23:59:00,NULL,1000,usnesení vlády č. 1113,NULL,NULL
5,"Nařízení mimořádného opatření Krajské hygienické stanice Jihočeského kraje se sídlem v Českých Budějovicích č. 2/2020, s účinností od 19. 8. 2020",2020-07-19 00:00:00,1,https://koronavirus.mzcr.cz/wp-content/uploads/2020/08/Mimoradne-opatreni-Krajske-hygienicke-stanice-Jihoceskeho-kraje-se-sidlem-v-Ceskych-Budejovicich-c-2-2020.pdf,"Doporučení nošení roušek v MHD, zdravotnických zařízeních, poblíž ohoržených skupin",kraj,NULL,NULL,0,KHSJC 24392/2020/USC,NULL,NULL
151,"Usnesení vlády č. 1116 ze dne 30. října o přijetí krizového opatření k omezení maloobchodu a služeb s účinností od 4. listopadu 2020
",2020-11-04 00:00:00,1,https://www.vlada.cz/assets/media-centrum/aktualne/maloobchod-1108.pdf,https://www.vlada.cz/assets/media-centrum/aktualne/maloobchod-1108.pdf,cr,2020-11-20 23:59:00,NULL,1000,usnesení vlády č. 1116,NULL,NULL
153,Usnesení vlády ČR ze dne 30. října 2020 č. 1110 o přijetí krizového opatření ,2020-11-02 00:00:00,1,https://www.vlada.cz/assets/media-centrum/aktualne/skoly-1112.pdf,Usnesení vlády č. 1113 - po dobu nouzového stavu jsou datové schárnky zdarma,cr,2020-11-20 23:59:00,NULL,100,usnesení vlády č. 1110,NULL,NULL
8,"Mimořádné opatření Krajské hygienické stanice Plzeňského kraje se sídlem v Plzni č. 2/2020, s účinností od 14. 8. 2020",2020-08-14 12:00:00,0,https://koronavirus.mzcr.cz/wp-content/uploads/2020/08/mimoradne_opatreni_khs_plzenskeho-kraje_2020_02.pdf,"Omezení kontaktu, nošení roušek všude mimo bydliště",obecmesto,NULL,NULL,100,KHSPL 21894/2020/25,0,NULL
154, Usnesení vlády ČR ze dne 30. října 2020 č. 1117 o zajištění a organizace vyčlenění prostor s lůžkovou kapacitou pro izolaci osob,2020-11-09 00:00:00,1,https://www.vlada.cz/assets/media-centrum/aktualne/zajisteni-prostoru-1117.pdf, Usnesení vlády č. 1117 - zajištění a organizace vyčlenění prostor s lůžkovou kapacitou pro izolaci osob,nep,NULL,NULL,100,usnesení vlády č. 1117,NULL,NULL
16,"Mimořádné opatření č. 1/2020 Krajské hygienické stanice Ústeckého kraje se sídlem v Ústí nad Labem, s účinností od 24. 7. 2020 od 7 hodin",2020-07-24 00:00:00,0,https://koronavirus.mzcr.cz/wp-content/uploads/2020/07/Mimoradne-opatreni-c-1-2020-Krajske-hygienicke-stanice-Usteckeho-kraje-se-sidlem-v-Usti-nad-Labem.pdf,Nařízení hygienické stanice KHS Ústí nad Labem,kraj,2020-10-05 00:00:00,NULL,0,KHSUL 39562/2020,NULL,NULL
45,Nařízení mimořádného opatření Krajské hygienické stanice Zlínského kraje se sídlem ve Zlíně č. 5/2020 s účinností od 14. 9. 2020,2020-09-14 00:00:00,1,https://koronavirus.mzcr.cz/wp-content/uploads/2020/09/Narizeni-mimoradneho-opatreni-Krajske-hygienicke-stanice-Zlinskeho-kraje-se-sidlem-ve-Zline-c-5-2020.pdf,Nařízení mimořádného opatření KHS Zlín 5/2020,okres,NULL,NULL,10,KSHZL 23777/2020,NULL,NULL
54,"Sdělení Ministerstva zdravotnictví, kterým se vydává seznam zemí nebo jejich částí s nízkým rizikem nákazy onemocnění covid-19 s účinností od 21. 9. 2020",2020-09-21 00:00:00,1,https://koronavirus.mzcr.cz/wp-content/uploads/2020/09/Sdeleni-Ministerstva-zdravotnictvi-kterym-se-vydava-seznam-zemi-nebo-jejich-casti-s-nizkym-rizikem-nakazy-onemocneni-covid-19-s-ucinnosti-od-21-9-2020.pdf,Seznam zemí nebo jejich částí s nízkým rizikem nákazy onemocnění covid-19,cr,NULL,NULL,0,MZDR 20599/2020-31/MIN/KAN,NULL,NULL
56,"Ochranné opatření – omezení překročení státní hranice ČR, s účinností od 21. 9. 2020 do odvolání",2020-09-21 00:00:00,0,https://koronavirus.mzcr.cz/wp-content/uploads/2020/09/Ochranne-opatreni-omezeni-prekroceni-statni-hranice-CR-s-ucinnosti-od-21-9-2020-do-odvolani.pdf,Omezení překročení státní hranice,cr,2020-10-05 00:00:00,NULL,10,MZDR 20599/2020-30/MIN/KAN,NULL,NULL
59,Nařízení mimořádného opatření Krajské hygienické stanice Zlínského kraje se sídlem ve Zlíně č. 6 s účinností od,2020-09-21 00:00:00,1,https://koronavirus.mzcr.cz/wp-content/uploads/2020/09/Narizeni-mimoradneho-opatreni-Krajske-hygienicke-stanice-Zlinskeho-kraje-se-sidlem-ve-Zline-c-7-2020.pdf,Mimořádné opatření KHS Zlín č. 7,okres,NULL,NULL,10,KHSZL 24401/2020,NULL,NULL
60,Nařízení Krajské hygienické stanice Karlovarského kraje se sídlem v Karlových Varech č. 2/2020 s účinností 21. 9. 2020,2020-09-21 00:00:00,1,https://koronavirus.mzcr.cz/wp-content/uploads/2020/09/Narizeni-Krajske-hygienicke-stanice-Karlovarskeho-kraje-se-sidlem-v-Karlovych-Varech-c-2-2020.pdf,Mimořádné opatření KHS Karlovarského kraje č. 2,okres,NULL,NULL,10,KHSKV 11117/2020/SPR-S10,NULL,NULL
55,"Nařízení Hygienické stanice hlavního města Prahy č. 10/2020 k zákazu pohybu a pobytu bez ochranných prostředků dýchacích cest na hromadných akcích s účastí přesahující ve stejný čas 100 osob, konaných ve venkovních prostorech, s účinností od 21. 9. 2020",2020-09-21 00:00:00,0,https://koronavirus.mzcr.cz/wp-content/uploads/2020/09/Narizeni-Hygienicke-stanice-hlavniho-mesta-Prahy-c-10-2020.pdf,Roušky pro akce nad 100 lidí (venkovní i vnitřní),nuts,2020-10-12 15:00:00,NULL,10,HSHMP 59339/2020,NULL,NULL
123,Usnesení vlády ČR ze dne 12. 10. 2020 č. 1021 o přijetí krizového opatření s účinností od 14. 10. do 3. 11. 2020 - omezení hromadných akcí a provozu,2020-10-19 00:00:00,1,https://koronavirus.mzcr.cz/wp-content/uploads/2020/10/Usneseni-vlady-CR-ze-dne-12-10-2020-c-1021-o-prijeti-krizoveho-opatreni-s-ucinnosti-od-14-10-do-3-11-2020-omezeni-hromadnych-akci-a-provozu.pdf,Usnesení vlády ČR č. 1021 o omezení hromadných akcí a provozu (svatby),cr,2020-11-03 23:59:00,NULL,100,usnesení vlády č. 1021,NULL,NULL
86,"Mimořádné opatření – omezení provozu stravovacích, ubytovacích a jiných služeb, s účinností od 5. 10. 2020",2020-10-05 00:00:00,1,https://koronavirus.mzcr.cz/wp-content/uploads/2020/10/Mimo%C5%99%C3%A1dn%C3%A9-opat%C5%99en%C3%AD-ze-dne-2.10.2020-omezen%C3%AD-provozu-stravovac%C3%ADch-ubytovac%C3%ADch-a-jin%C3%BDch-slu%C5%BEeb-s-%C3%BA%C4%8Dinnost%C3%AD-od-5.-10.-2020.pdf,"Mimořádné opatření – omezení provozu stravovacích, ubytovacích a jiných služeb, s účinností od 5. 10. 2020",cr,NULL,NULL,1,MZDR 20581/2020-12/MIN/KAN,NULL,NULL
87,"Mimořádné opatření – organizace a provádění karantény u poskytovatelů sociálních služeb, s účinností od 5. 10. 2020",2020-10-05 00:00:00,0,https://koronavirus.mzcr.cz/wp-content/uploads/2020/10/Mimo%C5%99%C3%A1dn%C3%A9-opat%C5%99en%C3%AD-ze-dne-2.10.2020-%E2%80%93-organizace-a-prov%C3%A1d%C4%9Bn%C3%AD-karant%C3%A9ny-u-poskytovatel%C5%AF-soci%C3%A1ln%C3%ADch-slu%C5%BEeb-s-%C3%BA%C4%8Dinnost%C3%AD-od-5.-10.-2020.pdf,"Mimořádné opatření – organizace a provádění karantény u poskytovatelů sociálních služeb, s účinností od 5. 10. 2020",nep,2020-10-05 00:00:00,NULL,0,MZDR 36813/2020-3/MIN/KAN,NULL,NULL
88,Nařízení Krajské hygienické stanice Jihočeského kraje č. 3.2020 s účinností od 5. 10. 2020,2020-10-05 00:00:00,0,https://koronavirus.mzcr.cz/wp-content/uploads/2020/10/Na%C5%99%C3%ADzen%C3%AD-Krajsk%C3%A9-hygienick%C3%A9-stanice-Jiho%C4%8Desk%C3%A9ho-kraje-%C4%8D.-3.2020.pdf,Nařízení KHS Jihočeského kraje č. 3.2020 s účinností od 5. 10. 2020,kraj,2020-10-18 23:59:00,NULL,1,KSDJC 28666/2020/USC,NULL,NULL
89,Nařízení Krajské hygienické stanice Ústeckého kraje č. 3.2020 s účinností od 5. 10. 2020,2020-10-05 00:00:00,0,https://koronavirus.mzcr.cz/wp-content/uploads/2020/10/Na%C5%99%C3%ADzen%C3%AD-Krajsk%C3%A9-hygienick%C3%A9-stanice-%C3%9Asteck%C3%A9ho-kraje-%C4%8D.-3.2020.pdf,Nařízení KHS Ústeckého kraje č. 3.2020 s účinností od 5. 10. 2020,kraj,2020-10-18 23:59:00,NULL,10,KHSUL 58658/2020,NULL,NULL
90,Nařízení Krajské hygienické stanice Moravskoslezského kraje č. 26.2020 s účinností od 5. 10. 2020,2020-10-05 00:00:00,0,https://koronavirus.mzcr.cz/wp-content/uploads/2020/10/Mimo%C5%99%C3%A1dn%C3%A9-opat%C5%99en%C3%AD-Krajsk%C3%A9-hygienick%C3%A9-stanice-Moravskoslezsk%C3%A9ho-kraje-%C4%8D.-26.2020.pdf,Nařízení KHS Moravskoslezského kraje č. 26.2020 s účinností od 5. 10. 2020,kraj,2020-10-18 23:59:00,NULL,10,NULL,NULL,NULL
91,Nařízení Krajské hygienické stanice Olomouckého kraje č. 1.2020 s účinností od 5. 10. 2020,2020-10-05 00:00:00,0,https://koronavirus.mzcr.cz/wp-content/uploads/2020/10/Mimo%C5%99%C3%A1dn%C3%A9-opat%C5%99en%C3%AD-Krajsk%C3%A9-hygienick%C3%A9-stanice-Olomouck%C3%A9ho-kraje-%C4%8D.-1.2020.pdf,Nařízení KHS Olomouckého kraje č. 1.2020 s účinností od 5. 10. 2020,kraj,2020-10-18 23:59:00,NULL,10,HSOC/36995/2020/RED,NULL,NULL
92,Mimořádné opatření Krajské hygienické stanice Zlínského kraje č. 9.2020 s účinností od 5. 10. 2020,2020-10-05 00:00:00,0,https://koronavirus.mzcr.cz/wp-content/uploads/2020/10/Mimo%C5%99%C3%A1dn%C3%A9-opat%C5%99en%C3%AD-Krajsk%C3%A9-hygienick%C3%A9-stanice-Zl%C3%ADnsk%C3%A9ho-kraje-%C4%8D.-9.2020.pdf,Mimořádné opatření KHS Zlínského kraje č. 9.2020 s účinností od 5. 10. 2020,kraj,2020-10-12 00:00:00,NULL,10,KHSZL 25207/2020,NULL,NULL
93,Nařízení Krajské hygienické stanice Středočeského kraje č. 7.2020 s účinností od 5. 10. 2020,2020-10-05 00:00:00,0,https://koronavirus.mzcr.cz/wp-content/uploads/2020/10/Na%C5%99%C3%ADzen%C3%AD-Krajsk%C3%A9-hygienick%C3%A9-stanice-St%C5%99edo%C4%8Desk%C3%A9ho-kraje-%C4%8D.-7.2020.pdf,Nařízení KHS Středočeského kraje č. 7.2020 s účinností od 5. 10. 2020,kraj,2020-10-12 00:00:00,NULL,10,KHSSC 49876/2020,NULL,NULL
94,Nařízení Krajské hygienické stanice Pardubického kraje č. 3.2020 s účinností od 5. 10. 2020,2020-10-05 00:00:00,0,https://koronavirus.mzcr.cz/wp-content/uploads/2020/10/Na%C5%99%C3%ADzen%C3%AD-Krajsk%C3%A9-hygienick%C3%A9-stanice-Pardubick%C3%A9ho-kraje-%C4%8D.-3.2020.pdf,Nařízení KHS Pardubického kraje č. 3.2020 s účinností od 5. 10. 2020,kraj,2020-10-18 23:59:00,NULL,10,KHSPA 20947/2020/OS-Pce,NULL,NULL
84,"Sdělení Ministerstva zdravotnictví, kterým se vydává seznam zemí nebo jejich částí s nízkým rizikem nákazy onemocnění covid-19, s účinností od 5.10.2020",2020-10-05 00:00:00,1,https://koronavirus.mzcr.cz/wp-content/uploads/2020/10/Sd%C4%9Blen%C3%AD-Ministerstva-zdravotnictv%C3%AD-kter%C3%BDm-se-vyd%C3%A1v%C3%A1-seznam-zem%C3%AD-nebo-jejich-%C4%8D%C3%A1st%C3%AD-s-n%C3%ADzk%C3%BDm-rizikem-n%C3%A1kazy-onemocn%C4%9Bn%C3%AD-covid-19-s-%C3%BA%C4%8Dinnost%C3%AD-od-5.10.2020.pdf,Seznam zemí s nízkým rizikem nákazy COVID-19 od 5.10.2020,cr,NULL,NULL,1,MZDR 20599/2020-33/MIN/KAN,NULL,NULL
85,"Ochranné opatření – ochrana státní hranice, s účinností od 5. 10. 2020",2020-10-05 00:00:00,1,https://koronavirus.mzcr.cz/wp-content/uploads/2020/10/Ochrann%C3%A9-opat%C5%99en%C3%AD-ze-dne-2.10.2020-Ochrana-st%C3%A1tn%C3%AD-hranice-s-%C3%BA%C4%8Dinnost%C3%AD-od-5.-10.-2020.pdf,Ochrana státní hranice od 5. 10. 2020,cr,NULL,NULL,1,MZDR 20599/2020-32/MIN/KAN,NULL,NULL
95,Nařízení Krajské hygienické stanice Libereckého kraje č. 2.2020 s účinností od 5. 10. 2020,2020-10-05 00:00:00,0,https://koronavirus.mzcr.cz/wp-content/uploads/2020/10/Na%C5%99%C3%ADzen%C3%AD-Krajsk%C3%A9-hygienick%C3%A9-stanice-Libereck%C3%A9ho-kraje-%C4%8D.-2.2020.pdf,Nařízení KHS Libereckého kraje č. 2.2020 s účinností od 5. 10. 2020,kraj,2020-10-18 23:59:00,NULL,10,KHSLB 19729/2020,NULL,NULL
97,Nařízení Hygienické stanice hlavního města Prahy č. 15.2020 s účinností od 5. 10. 2020,2020-10-05 00:00:00,0,https://koronavirus.mzcr.cz/wp-content/uploads/2020/10/Na%C5%99%C3%ADzen%C3%AD-Hygienick%C3%A9-stanice-hlavn%C3%ADho-m%C4%9Bsta-Prahy-%C4%8D.-15.2020.pdf,Nařízení Hygienické stanice hlavního města Prahy č. 15.2020 s účinností od 5. 10. 2020,kraj,2020-10-12 15:00:00,NULL,10,HSHMP 62585/2020,NULL,NULL
98,Nařízení Krajské hygienické stanice Karlovarského kraje č. 4.2020 s účinností od 5. 10. 2020,2020-10-05 00:00:00,0,https://koronavirus.mzcr.cz/wp-content/uploads/2020/10/Na%C5%99%C3%ADzen%C3%AD-Krajsk%C3%A9-hygienick%C3%A9-stanice-Karlovarsk%C3%A9ho-kraje-%C4%8D.-4.2020.pdf,Nařízení KHS Karlovarského kraje č. 4.2020 s účinností od 5. 10. 2020,kraj,2020-10-18 23:59:00,NULL,10,KHSKV 11571/2020/RED-S10,NULL,NULL
99,Nařízení Krajské hygienické stanice Královéhradeckého kraje č. 1.2020 s účinností od 5. 10. 2020,2020-10-05 00:00:00,0,https://koronavirus.mzcr.cz/wp-content/uploads/2020/10/Na%C5%99%C3%ADzen%C3%AD-Krajsk%C3%A9-hygienick%C3%A9-stanice-Kr%C3%A1lov%C3%A9hradeck%C3%A9ho-kraje-%C4%8D.-1.2020.pdf,Nařízení KHS Královéhradeckého kraje č. 1.2020 s účinností od 5. 10. 2020,kraj,2020-10-18 23:59:00,NULL,10,KHSHK 30403/2020/SPR.HK/Bě,NULL,NULL
100,Nařízení Krajské hygienické stanice Plzeňského kraje č. 6.2020 s účinností od 5. 10. 2020,2020-10-05 00:00:00,0,https://koronavirus.mzcr.cz/wp-content/uploads/2020/10/Na%C5%99%C3%ADzen%C3%AD-Krajsk%C3%A9-hygienick%C3%A9-stanice-Plze%C5%88sk%C3%A9ho-kraje-%C4%8D.-6.2020.pdf,Nařízení KHS Plzeňského kraje č. 6.2020 s účinností od 5. 10. 2020,okres,2020-10-11 23:59:00,NULL,10,HSHPL 25989/28/2020,NULL,NULL
102,Nařízení Krajské hygienické stanice Jihomoravského kraje se sídlem v Brně č. 3/2020 k omezení provozu škol s účinností od 5. 10. 2020,2020-10-05 00:00:00,0,https://koronavirus.mzcr.cz/wp-content/uploads/2020/10/Narizeni_KHS_jihomoravsky-kraj_c._3-2020.pdf,Nařízení KHS Jihomoravského kraje v Brně č. 3/2020 k omezení provozu škol s účinností od 5. 10. 2020,kraj,2020-10-18 23:59:00,NULL,10,KHSJM 55359/2020/BM/PRAV,NULL,NULL
115,Usnesení vlády ČR ze dne 8. 10. 2020 č. 997 o přijetí krizového opatření s účinností od 12. do 25. října 2020 – omezení škol (část II.),2020-10-26 00:00:00,1,https://koronavirus.mzcr.cz/wp-content/uploads/2020/10/Usneseni-vlady-CR-ze-dne-8-10-2020-c-997-o-prijeti-krizoveho-opatreni-s-ucinnosti-od-12-do-25-rijna-2020-omezeni-skol.pdf,Usnesení vlády ČR č. 997 o přijetí krizového opatření od 12. do 25. října 2020 – omezení škol (II. část),cr,2020-10-27 23:59:00,NULL,100,usnesení vlády č. 997,NULL,NULL
112,Nařízení Krajské hygienické stanice Středočeského kraje se sídlem v Praze č. 8/2020,2020-10-07 00:00:00,1,https://koronavirus.mzcr.cz/wp-content/uploads/2020/10/Na%C5%99%C3%ADzen%C3%AD-Krajsk%C3%A9-hygienick%C3%A9-stanice-St%C5%99edo%C4%8Desk%C3%A9ho-kraje-%C4%8D.-8.2020-s-%C3%BA%C4%8Dinnost%C3%AD-od-7.-10.-2020.pdf,Nařízení KHS Středočeského kraje se sídlem v Praze č. 8/2020,rus,NULL,NULL,0,KHSSC 51250/2020,NULL,NULL
124,Usneseni-vlady-CR-ze-dne-8-10-2020-c-994-o-prijeti-krizoveho-opatreni-s-ucinnosti-od-12-do-25-10-2020-narizeni-organum-verejne-moci-a-spravnim-organum,2020-10-12 00:00:00,1,https://koronavirus.mzcr.cz/wp-content/uploads/2020/10/Usneseni-vlady-CR-ze-dne-8-10-2020-c-994-o-prijeti-krizoveho-opatreni-s-ucinnosti-od-12-do-25-10-2020-narizeni-organum-verejne-moci-a-spravnim-organum.pdf,Usneseni-vlady-CR-ze-dne-8-10-2020-c-994-o-prijeti-krizoveho-opatreni-s-ucinnosti-od-12-do-25-10-2020-narizeni-organum-verejne-moci-a-spravnim-organum,nep,2020-10-22 00:00:00,NULL,0,usnesení vlády č. 994,NULL,NULL
129,Nařízení Hygienické stanice hlavního města Prahy č. 16/2020,2020-10-12 00:00:00,1,https://koronavirus.mzcr.cz/wp-content/uploads/2020/10/Na%C5%99%C3%ADzen%C3%AD-Hygienick%C3%A9-stanice-hlavn%C3%ADho-m%C4%9Bsta-Prahy-%C4%8D.-16-2020.pdf,Nařízení Hygienické stanice hlavního města Prahy č. 16/2020,kraj,NULL,http://www.hygpraha.cz/dokumenty/narizeni-hygienicke-stanice-hlavniho-mesta-prahy-c--16-2020-5335_5335_34_1.html,10,HSHMP 64615/2020,NULL,NULL
140,Mimoradne-opatreni-narizeni-poskytovatelum-akutni-luzkove-pece-a-nasledne-luzkove-pece-s-ucinnosti-od-28-10-2020,2020-10-26 00:00:00,1,https://koronavirus.mzcr.cz/wp-content/uploads/2020/10/Mimoradne-opatreni-narizeni-poskytovatelum-akutni-luzkove-pece-a-nasledne-luzkove-pece-s-ucinnosti-od-28-10-2020.pdf,Mimoradne-opatreni-narizeni-poskytovatelum-akutni-luzkove-pece-a-nasledne-luzkove-pece-s-ucinnosti-od-28-10-2020,nep,NULL,NULL,0,MZDR 46953/2020-1/MIN/KAN,NULL,NULL
141,Mimoradne-opatreni-zaznam-o-hospitalizovanem-pozitivnim-nalezu-v-ISIN-s-ucinnosti-od-28-10-2020,2020-10-28 00:00:00,1,https://koronavirus.mzcr.cz/wp-content/uploads/2020/10/Mimoradne-opatreni-zaznam-o-hospitalizovanem-pozitivnim-nalezu-v-ISIN-s-ucinnosti-od-28-10-2020.pdf,Mimoradne-opatreni-zaznam-o-hospitalizovanem-pozitivnim-nalezu-v-ISIN-s-ucinnosti-od-28-10-2020,nep,NULL,NULL,0,MZDR 12087/2020-5/MIN/KAN,NULL,NULL
142,Mimořádné opatření – záznam o hospitalizovaném pozitivním nálezu v ISIN,2020-03-24 00:00:00,1,https://koronavirus.mzcr.cz/wp-content/uploads/2020/03/Mimo%C5%99%C3%A1dn%C3%A9-opat%C5%99en%C3%AD-z%C3%A1znam-o-hospitalizovan%C3%A9m-pozitivn%C3%ADm-n%C3%A1lezu-v-ISIN-1.pdf,Mimořádné opatření – záznam o hospitalizovaném pozitivním nálezu v ISIN,nep,NULL,NULL,0,MZDR 12996/2020-1/MIN/KAN,NULL,NULL
146,Mimoradne-opatreni-antigenni-testovani-s-ucinnosti-od-4-11-2020,2020-11-04 00:00:00,0,https://koronavirus.mzcr.cz/wp-content/uploads/2020/10/Mimoradne-opatreni-antigenni-testovani-s-ucinnosti-od-4-11-2020.pdf,Antigenní testování od 4.11.2020,cr,2020-11-02 00:00:00,NULL,10,MZDR 47828/2020-1/MIN/KAN,NULL,NULL
107,Usnesení vlády ČR ze dne 8. 10. 2020 č. 995 o přijetí krizového opatření s účinností od 12. do 11. října 2020,2020-10-09 00:00:00,1,https://koronavirus.mzcr.cz/wp-content/uploads/2020/10/Usneseni-vlady-CR-ze-dne-8-10-2020-c-995-o-prijeti-krizoveho-opatreni-s-ucinnosti-od-9-do-11-rijna-2020.pdf,Usnesení vlády ČR č. 995 o přijetí krizového opatření od 12. do 11. října 2020,cr,2020-10-11 23:59:00,NULL,100,usnesení vlády č. 995,NULL,NULL
108,Usnesení vlády ČR ze dne 8. 10. 2020 č. 996 o přijetí krizového opatření s účinností od 12. do 25. října 2020 – omezení hromadných akcí a provozu,2020-10-12 00:00:00,0,https://koronavirus.mzcr.cz/wp-content/uploads/2020/10/Usneseni-vlady-CR-ze-dne-8-10-2020-c-996-o-prijeti-krizoveho-opatreni-s-ucinnosti-od-12-do-25-rijna-2020-omezeni-hromadnych-akci-a-provozu.pdf,Usnesení vlády ČR č. 996 o přijetí krizového opatření od 12. do 25. října 2020 – omezení hromadných akcí a provozu,cr,2020-10-14 00:00:00,NULL,100,usnesení vlády č. 996,NULL,NULL
109,Usnesení vlády ČR ze dne 8. 10. 2020 č. 997 o přijetí krizového opatření s účinností od 12. do 25. října 2020 – omezení škol,2020-10-12 00:00:00,1,https://koronavirus.mzcr.cz/wp-content/uploads/2020/10/Usneseni-vlady-CR-ze-dne-8-10-2020-c-997-o-prijeti-krizoveho-opatreni-s-ucinnosti-od-12-do-25-rijna-2020-omezeni-skol.pdf,Usnesení vlády ČR č. 997 o přijetí krizového opatření od 12. do 25. října 2020 – omezení škol,cr,2020-10-13 23:59:00,NULL,100,usnesení vlády č. 997,NULL,NULL
110,Usnesení vlády ČR ze dne 8. 10. 2020 č. 998 o přijetí krizového opatření s účinností od 12. do 25. října 2020 – omezení poskytovatelů zdravotních a sociálních služeb,2020-10-09 00:00:00,1,https://koronavirus.mzcr.cz/wp-content/uploads/2020/10/Usneseni-vlady-CR-ze-dne-8-10-2020-c-998-o-prijeti-krizoveho-opatreni-s-ucinnosti-od-12-do-25-rijna-2020-omezeni-poskytovatelu-zdravotnich-a-socialnich-sluzeb.pdf,Usnesení vlády ČR č. 998 o přijetí krizového opatření od 12. do 25. října 2020 – omezení poskytovatelů zdravotních a sociálních služeb,cr,2020-11-03 23:59:00,NULL,100,usnesení vlády č. 998,NULL,NULL
116,Usnesení vlády ČR ze dne 8. 10. 2020 č. 996 o přijetí krizového opatření s účinností od 12. do 25. října 2020 – omezení hromadných akcí a provozu,2020-10-19 00:00:00,0,https://koronavirus.mzcr.cz/wp-content/uploads/2020/10/Usneseni-vlady-CR-ze-dne-8-10-2020-c-996-o-prijeti-krizoveho-opatreni-s-ucinnosti-od-12-do-25-rijna-2020-omezeni-hromadnych-akci-a-provozu.pdf,"Usnesení vlády ČR č. 996 o přijetí krizového opatření od 12. do 25. října 2020 – omezení hromadných akcí a provozu (svatby, pohřby)",cr,2020-10-14 00:00:00,NULL,100,usnesení vlády č. 996,NULL,NULL
114,Nařízení Krajské hygienické stanice Plzeňského kraje č. 10.2020,2020-10-11 23:59:00,1,https://koronavirus.mzcr.cz/wp-content/uploads/2020/10/Na%C5%99%C3%ADzen%C3%AD-Krajsk%C3%A9-hygienick%C3%A9-stanice-Plze%C5%88sk%C3%A9ho-kraje-%C4%8D.-10.2020.pdf,Nařízení KHS Plzeňského kraje č. 10.2020,rus,NULL,NULL,0,HSHPL 26675/28/2020,NULL,NULL
111,Nařízení Krajské hygienické stanice Libereckého kraje č. 3.2020 s účinností od 7. 10. 2020 (kraj),2020-10-07 00:00:00,0,https://koronavirus.mzcr.cz/wp-content/uploads/2020/10/Narizeni-KHS-Libereckeho-kraje-c.-3-2020.pdf,Nařízení KHS Libereckého kraje č. 3.2020 od 7. 10. 2020 ,kraj,2020-10-18 23:59:00,NULL,10,KHSLB 19867/2020,NULL,NULL
113,Nařízení Krajské hygienické stanice Plzeňského kraje č. 9.2020,2020-10-11 23:59:00,1,https://koronavirus.mzcr.cz/wp-content/uploads/2020/10/Na%C5%99%C3%ADzen%C3%AD-Krajsk%C3%A9-hygienick%C3%A9-stanice-Plze%C5%88sk%C3%A9ho-kraje-%C4%8D.-9.2020-pro-okres-Rokycany-s-%C3%BA%C4%8Dinnost%C3%AD-od-12.-10.-2020.pdf,Nařízení KHS Plzeňského kraje č. 9.2020,rus,NULL,NULL,0,HSHPL 26674/28/2020,NULL,NULL
147,"Usnesení vlády ČR ze dne 30. října 2020 č. 1111 o změně krizového opatření vyhlášeného pod č. 432/2020 Sb.
",2020-10-31 00:00:00,1,https://www.vlada.cz/assets/media-centrum/aktualne/zmena-kriz--oaptr--1111.pdf,"Usnesení vlády č. 1111 o změně krizového opatření vyhlášeného pod č. 432/2020 Sb.
",nep,NULL,NULL,0,usnesení vlády č. 1111,NULL,NULL
149,Usnesení vlády ČR ze dne 30. října 2020 č. 1108 o prodloužení nouzového stavu v souvislosti s epidemií viru SARS CoV-2,2020-10-30 00:00:00,1,https://www.vlada.cz/assets/media-centrum/aktualne/nouzovy-stav-1108.pdf,Usnesení vlády č. 1108 o prodloužení nouzového stavu v souvislosti s epidemií viru SARS CoV-2,nep,NULL,NULL,0,usnesení vlády č. 1108,NULL,NULL
150,Usnesení vlády ČR ze dne 30. října 2020 č. 1109 o přijetí krizového opatření ,2020-10-30 00:00:00,1,https://www.vlada.cz/assets/media-centrum/aktualne/urceni-skol-1109.pdf,Usnesení vlády č. 1109 o přijetí krizového opatření ,nep,NULL,NULL,0,usnesení vlády č. 1109,NULL,NULL
152,Usnesení vlády ČR ze dne 30. října 2020 č. 1112 o přijetí krizového opatření ,2020-11-02 00:00:00,1,https://www.vlada.cz/assets/media-centrum/aktualne/skoly-1112.pdf,Usnesení vlády č. 1112 o přijetí krizového opatření ,cr,2020-11-20 23:59:00,NULL,100,usnesení vlády č. 1112,NULL,NULL
155,Mimoradne-opatreni-antigenni-testovani-a-pouziti-OOP-zamestnanci-s-ucinnosti-od-4-resp-9-11-2020,2020-11-04 00:00:00,1,https://koronavirus.mzcr.cz/wp-content/uploads/2020/11/Mimoradne-opatreni-antigenni-testovani-a-pouziti-OOP-zamestnanci-s-ucinnosti-od-4-resp-9-11-2020.pdf,Mimoradne-opatreni-antigenni-testovani-a-pouziti-OOP-zamestnanci-s-ucinnosti-od-4-resp-9-11-2020,nep,NULL,NULL,0,MZDR 47828/2020-2/MIN/KA,NULL,NULL
156,Mimoradne-opatreni-antigenni-testovani-klienti-s-ucinnosti-od-4-11-2020,2020-11-04 00:00:00,1,https://koronavirus.mzcr.cz/wp-content/uploads/2020/11/Mimoradne-opatreni-antigenni-testovani-klienti-s-ucinnosti-od-4-11-2020.pdf,Mimoradne-opatreni-antigenni-testovani-klienti-s-ucinnosti-od-4-11-2020,cr,NULL,NULL,10,MZDR 47828/2020-3/MIN/KAN,NULL,NULL
103,"Mimořádné opatření – organizace a provádění karantény u poskytovatelů sociálních služeb, s účinností od 5. 10. 2020",2020-10-05 00:00:00,1,https://koronavirus.mzcr.cz/wp-content/uploads/2020/10/Mimo%C5%99%C3%A1dn%C3%A9-opat%C5%99en%C3%AD-ze-dne-2.10.2020-%E2%80%93-organizace-a-prov%C3%A1d%C4%9Bn%C3%AD-karant%C3%A9ny-u-poskytovatel%C5%AF-soci%C3%A1ln%C3%ADch-slu%C5%BEeb-s-%C3%BA%C4%8Dinnost%C3%AD-od-5.-10.-2020.pdf,"Mimořádné opatření – organizace a provádění karantény u poskytovatelů sociálních služeb, s účinností od 5. 10. 2020",nep,NULL,NULL,0,MZDR 36813/2020-3/MIN/KAN,NULL,NULL
96,Nařízení Krajské hygienické stanice kraje Vysočina č. 11.2020 s účinností od 5. 10. 2020,2020-10-05 00:00:00,0,https://koronavirus.mzcr.cz/wp-content/uploads/2020/10/Na%C5%99%C3%ADzen%C3%AD-Krajsk%C3%A9-hygienick%C3%A9-stanice-kraje-Vyso%C4%8Dina-%C4%8D.-11.2020.pdf,Nařízení KHS kraje Vysočina č. 11.2020 od 5. 10. 2020,kraj,2020-10-18 23:59:00,NULL,10,KHSV/21758/2020/JI/Ř/Říha,NULL,NULL
101,Nařízení Krajské hygienické stanice Plzeňského kraje č. 7.2020 pro okres Rokycany s účinností od 5. 10. 2020,2020-10-05 00:00:00,0,https://koronavirus.mzcr.cz/wp-content/uploads/2020/10/Na%C5%99%C3%ADzen%C3%AD-Krajsk%C3%A9-hygienick%C3%A9-stanice-Plze%C5%88sk%C3%A9ho-kraje-%C4%8D.-7.2020.pdf,Nařízení KHS Plzeňského kraje č. 7.2020 pro okres Rokycany od 5. 10. 2020,okres,2020-10-18 23:59:00,NULL,10,KHSPL 25990/28/2020,NULL,NULL
117,Usnesení vlády ČR ze dne 12. 10. 2020 č. 1021 o přijetí krizového opatření s účinností od 14. 10. do 3. 11. 2020 - omezení hromadných akcí a provozu,2020-10-14 00:00:00,0,https://koronavirus.mzcr.cz/wp-content/uploads/2020/10/Usneseni-vlady-CR-ze-dne-12-10-2020-c-1021-o-prijeti-krizoveho-opatreni-s-ucinnosti-od-14-10-do-3-11-2020-omezeni-hromadnych-akci-a-provozu.pdf,Usnesení vlády ČR č. 1021 o omezení hromadných akcí a provozu,cr,2020-10-12 00:00:00,NULL,100,usnesení vlády č. 1021,NULL,NULL
118,Usnesení vlády ČR ze dne 12. 10. 2020 č. 1022 o přijetí krizového opatření s účinností od 14. 10. do 1. 11. 2020 - omezení škol,2020-10-14 00:00:00,1,https://koronavirus.mzcr.cz/wp-content/uploads/2020/10/Usneseni-vlady-CR-ze-dne-12-10-2020-c-1022-o-prijeti-krizoveho-opatreni-s-ucinnosti-od-14-10-do-1-11-2020-omezeni-skol.pdf,Usnesení vlády ČR č. 1022 o omezení škol,cr,2020-11-01 23:59:00,NULL,100,usnesení vlády č. 1022,NULL,NULL
119,Usnesení vlády ČR ze dne 12. 10. 2020 č. 1023 o přijetí krizového opatření k zajištění poskytování zdravotních služeb poskytovateli zdravotních služeb,2020-10-13 00:00:00,1,https://koronavirus.mzcr.cz/wp-content/uploads/2020/10/Usneseni-vlady-CR-ze-dne-12-10-2020-c-1023-o-prijeti-krizoveho-opatreni-k-zajisteni-poskytovani-zdravotnich-sluzeb-poskytovateli-zdravotnich-sluzeb.pdf,"Usnesení vlády ČR č. 1023 o přijetí krizového opatření ...
",cr,NULL,NULL,10,usnesení vlády č. 1023,NULL,NULL
120,Usnesení vlády ČR ze dne 12. 10. 2020 č. 1033 o přijetí krizového opatření k zajištění péče o děti zaměstnanců IZS,2020-10-14 00:00:00,1,https://koronavirus.mzcr.cz/wp-content/uploads/2020/10/Usneseni-vlady-CR-ze-dne-12-10-2020-c-1033-o-prijeti-krizoveho-opatreni-k-zajisteni-pece-o-deti-zamestnancu-izs.pdf,Usnesení vlády ČR č. 1033 o přijetí krizového opatření ...,nep,2020-11-02 00:00:00,NULL,0,usnesení vlády č. 1033,NULL,NULL
121,"Mimořádné opatření - nošení ochranných prostředků dýchacích cest, s výjimkami, s účinností od 13. 10. 2020 do odvolání",2020-10-13 00:00:00,1,https://koronavirus.mzcr.cz/wp-content/uploads/2020/10/Mimoradne-opatreni-noseni-ochrannych-prostredku-dychacich-cest-s-vyjimkami-s-ucinnosti-od-13-10-2020-do-odvolani.pdf,Mimořádné opatření - nošení ochranných prostředků dýchacích cest,cr,NULL,NULL,100,MZDR 15757/2020-36/MIN/KAN,NULL,NULL
122,Mimořádné opatření - krajští koordinátoři intenzivní péče s účinností od 14. 10. 2020,2020-10-14 00:00:00,1,https://koronavirus.mzcr.cz/wp-content/uploads/2020/10/Mimoradne-opatreni-krajsti-koordinatori-intenzivni-pece-s-ucinnosti-od-14-10-2020.pdf,Mimořádné opatření - krajští koordinátoři intenzivní práce,nep,NULL,NULL,0,MZDR 42467/2020-1/MIN/KAN,NULL,NULL
125,Algoritmus izolace a karanténa,2020-10-12 00:00:00,1,https://koronavirus.mzcr.cz/wp-content/uploads/2020/10/Algoritmus-izolace-a-karantena-15-10-2020.pdf,Algoritmus izolace a karanténa,cr,NULL,NULL,0,NULL,NULL,NULL
128, Nařízení mimořádného opatření Krajské hygienické stanice Zlínského kraje č. 11.2020 s účinností od 5. 10. 2020 ,2020-10-12 00:00:00,1,https://koronavirus.mzcr.cz/wp-content/uploads/2020/10/Narizeni-mimoradneho-opatreni-Krajske-hygienicke-stanice-Zlinskeho-kraje-c-11-2020-s-ucinnosti-od-12-10-2020.pdf, Nařízení mimořádného opatření KHS Zlínského kraje č. 11.2020 od 5. 10. 2020 ,rus,NULL,NULL,0,KHSZL 25815/2020,NULL,NULL
126,Algoritmus respirace,2020-10-12 00:00:00,1,https://koronavirus.mzcr.cz/wp-content/uploads/2020/10/Algoritmus-respirac%C3%AD-PL.pdf,Algoritmus respirace,cr,NULL,NULL,0,NULL,NULL,NULL
127,Management akutních onemocnění v ambulancích praktických lékařů pro děti a dorost,2020-10-12 00:00:00,1,https://koronavirus.mzcr.cz/wp-content/uploads/2020/10/Management-akutni%CC%81ch-onemocne%CC%8Cni%CC%81-v-ambulanci%CC%81ch-PLDD-15-10-2020.pdf,Management akutních onemocnění v ambulancích praktických lékařů pro děti a dorost,nep,NULL,NULL,0,NULL,NULL,NULL
130,Mimoradne-opatreni-noseni-ochrannych-prostredku-dychacich-cest-s-vyjimkami-s-ucinnosti-od-21-10-2020-do-odvolani,2020-10-21 00:00:00,1,https://koronavirus.mzcr.cz/wp-content/uploads/2020/10/Mimoradne-opatreni-noseni-ochrannych-prostredku-dychacich-cest-s-vyjimkami-s-ucinnosti-od-21-10-2020-do-odvolani.pdf,Mimoradne-opatreni-noseni-ochrannych-prostredku-dychacich-cest-s-vyjimkami-s-ucinnosti-od-21-10-2020-do-odvolani,cr,NULL,NULL,100,MZDR 15757/2020-37/MIN/KAN,NULL,NULL
131,Mimoradne-opatreni-narizeni-poskytovatelum-zdravotnich-sluzeb-nasledne-a-dlouhodobe-luzkove-pece-a-poskytovatelum-socialnich-sluzeb-s-ucinnosti-od-21-10-2020,2020-09-21 00:00:00,1,https://koronavirus.mzcr.cz/wp-content/uploads/2020/10/Mimoradne-opatreni-narizeni-poskytovatelum-zdravotnich-sluzeb-nasledne-a-dlouhodobe-luzkove-pece-a-poskytovatelum-socialnich-sluzeb-s-ucinnosti-od-21-10-2020.pdf,Mimoradne-opatreni-narizeni-poskytovatelum-zdravotnich-sluzeb-nasledne-a-dlouhodobe-luzkove-pece-a-poskytovatelum-socialnich-sluzeb-s-ucinnosti-od-21-10-2020,nep,NULL,NULL,0,MZDR 13719/2020-3/MIN/KAN,NULL,NULL
132,Mimoradne-opatreni-zaznam-o-hospitalizovanem-pozitivnim-nalezu-v-ISIN-s-ucinnosti-od-21-10-2020,2020-09-21 00:00:00,1,https://koronavirus.mzcr.cz/wp-content/uploads/2020/10/Mimoradne-opatreni-zaznam-o-hospitalizovanem-pozitivnim-nalezu-v-ISIN-s-ucinnosti-od-21-10-2020.pdf,Mimoradne-opatreni-zaznam-o-hospitalizovanem-pozitivnim-nalezu-v-ISIN-s-ucinnosti-od-21-10-2020,nep,NULL,NULL,0,MZDR 12087/2020-4/MIN/KAN,NULL,NULL
138,Nařízení Krajské hygienické stanice Moravskoslezského kraje v Ostravě č. 29/2020 s účinností od 24. 10. 2020,2020-09-22 00:00:00,1,https://koronavirus.mzcr.cz/wp-content/uploads/2020/10/Na%C5%99%C3%ADzen%C3%AD-Krajsk%C3%A9-hygienick%C3%A9-stanice-Moravskoslezsk%C3%A9ho-kraje-v-Ostrav%C4%9B-%C4%8D.-29.2020.pdf,Nařízení KHS Moravskoslezského kraje v Ostravě č. 29/2020 od 24. 10. 2020,kraj,NULL,NULL,10,Nařízení KHS Moravskoslezského kraje č. 29/2020,NULL,NULL
